{"cameraMode":{"drawMode":0,"name":"Shaded","section":"Shading Mode"},"sceneLighting":true,"audioPlay":false,"sceneViewState":{"showFog":true,"showMaterialUpdate":true,"showSkybox":true,"showFlares":true,"showImageEffects":true,"showParticleSystems":true},"in2DMode":false,"pivot":{"x":234.1914825439453,"y":32.98665237426758,"z":-296.76776123046877},"rotation":{"x":-0.3578467071056366,"y":-0.08358597010374069,"z":0.03220396861433983,"w":-0.9295008182525635},"size":27.653125762939454,"orthographic":false}